site_id,est,est_ref,est_size,notes
ABY,1,"Amélineau 1899-1905:186, p. XVI",1,
ADA,1,"Salvini 2008a:212",1,
ADB,613,"Wilson 2012;Zhi 1988",4,
ADH,1,"Al-Zubaidi and Attia 2021:18",1,
ADI,1,"Salvini 2004a:258-260",1,
AFA,1,"Jawad et al. 2020:68,75-76",1,
AFI,9,"Archi and Venturi 2012:32",2,
AGR,4,"Delougaz and Lloyd 1942",1,
AHT,2,"Salvini 2008a:212: 214, 236",1,
AIR,1,"Salvini 2019",1,
AJA,1,"Feigin 1935",1,
AJJ,2,"Kühne 2016",1,
AKH,381,"Rainey 2015:1",3,
ALA,651,"Rattenborg 2016;Lauinger 2015:39;Anonymous 2020",4,
ALH,2,"CTH (Laroche 1971)",1,
ALI,1,"Belli 2004",1,
ALS,70,"Gelb 1935:8",3,
ALT,2,"Salvini 2012:57, 248",1,
AMC,1,"Dajani 1962",1,
AMD,5,"Machinist 1982",1,
AMM,1,"Eggler and Keel 2006:78-79",1,
ANS,362,"Stolper 1985a;Sumner 1976:112",3,
ANT,2500,"Khalīl 2018;Fahad 2019",4,
ANZ,1,"Salvini 2008a:265",1,
APH,8,"CiC (Horowitz et al. 2018):27-36",2,
AQA,225,"Brinkman 1976:43",3,
ARA,1,"Salvini 2008a:229",1,
ARI,23,"SMEA 9 (Salvini 1969):7, 242, 243",2,
ARK,1,"Işık 2015",1,
ARM,15,"Salvini 2008a: 352, 437, 438, 440, 443, 574, 629, 645, 648, 649; Salvini 2012:241",2,
ARR,141,"Pedersén 1998:30-32",3,
ART,2,"Thureau-Dangin et al. 1931",1,
ARU,1,"Salvini 2008a:437",1,
ASA,3,"Salvini 2008a:110-112",1,
ASD,4,"CiC (Horowitz et al. 2018):37-39",1,
ASK,515,"Biggs 1974",4,
ASS,9603,"Pedersén 1998:81-88,132-143;Pedersén 1997",5,
AST,1,"Salvini 2008a:259; Çavuşoğlu et al. 2010",1,
ASZ,383,"Tunca 2016:244;Gadd 1940",3,
ATB,3,"D'Agostino and Greco 2019:474-475",1,
AUS,2,"Eidem 2020",1,
AVN,1,"Salvini 2008a:452",1,
AWA,2,"Layard 1853a:225",1,
AYA,212,"Çilingiroğlu and Salvini 2001:251-315; Salvini 2008a:565,581; Salvini 2012:59-65, 124-126, 176-178, 180-197, 211, 216, 218, 219, 220, 225, 226, 229, 230",3,
AYC,1,"RINAP 3/2 (Grayson and Novotny 2014):341",1,
AZF,27,"Salvini 2008a:230-232, 245, 265, 366; Salvini 2012:19, 21, 23-27, 31, 54, 58, 73, 122-123, 244, 245",2,
AZN,2,"Anatolia 5 (Balkan 1960b)",1,
BAA,2,"Al-Hussainy and Jawdat 2022:27,29",1,
BAB,11457,"Pedersén 1998:107-112,183-191;Pedersén 2011:53,55",5,
BAH,1,"Salvini 2008a:442; Payne and Sevin 2001",1,
BAK,2,"Belli and Konyar 2001:173",1,
BAL,1,"Salvini 2008a:197; Schäfer 1999:36",1,
BAM,1,"Radner 2010",1,
BAQ,4,"Killick and Roaf 1983:208,Ismail 1989",1,
BAR,6,"Dalley 2005:no.378;Langdon 1933;Langdon and Harden 1934:118",2,
BAS,93,"Rijkhoek and Karbe 2018",3,
BAW,42,"Miglus 2016:235-236",2,
BAY,1,"RINAP 3/2 (Grayson and Novotny 2014):132-133",1,
BAZ,2,"Sallaberger et al. 2006",1,
BBK,1,"Salvini 2008a:218",1,
BDI,21,"Cancik-Kirschbaum 1997:497;Pfälzner 1990:77-78",2,
BES,1,"Salvini 2008a:238",1,
BHN,1,"Adams and Nissen 1972:217 (site no. 100)",1,
BHS,2,"Adams and Nissen 1972:225 (site no. 131)",1,
BIN,1,"Salvini 2008a:450",1,
BIS,1,"Stronach and Zournatzi 1997",1,
BIT,1,"Salvini 2008a:645;Di̇nçol 2010:139, Lev. IV-V ",1,
BLQ,1,"Durand and Rawlinson 1880",1,
BLW,89,"Curtis and Tallis 2008;Finkel 2008",3,
BMB,2,"Salvini 2008a:437",1,
BOR,200,"Waerzeggers 2005:344",3,
BOS,1,"Salvini 2008a:248",1,
BRD,4,"Kessler 1995;2003",1,
BRK,7,"Eidem 1997a",2,
BRM,1,"Belli 1993:61, 62;Salvini 2012:31",1,
BRS,2,"Da Riva 2012",1,
BSE,1,"CiC (Horowitz et al. 2018):49",1,
BSH,1,"CiC (Horowitz et al. 2018):44",1,
BSK,1,"Salvini 2008a:237",1,
BSM,11,"Almamori et al. 2022:35-36;43",2,
BST,1,"Trousdale 1968",1,
BSV,1,"CiC (Horowitz et al. 2018):42-43",1,
BTB,78,"Crawford 1960",3,"Count augmented by GLoW metadata collections"
BTM,45,"Salvini 2008a:577, 578; Bryce 2009:600-601; Salvini 2005a; Salvini 2012:127-128, 197-201, 209, 210, 215, 216, 217, 219, 232-234",2,
BTU,1,"RIMA 2 (Grayson 1991):262-264",1,
BUK,3,"Košak 2021",1,
BUL,1,"Çavuşoğlu et al. 2010:42",1,
BUR,61,"Fales et al. 2005;Bachelot et al. 1997:82-83",3,
BVI,3,"RINAP 3/2 (Grayson and Novotny 2014):310-317",1,
BYB,3,"Dossin 1969",1,
BZM,7,"Læssøe 1959",2,
CAV,30,"Salvini 2008a:442, 448-450;Dinçol 1978;Salvini 2012:131-133, 238, 239",2,
CEL,1,"Salvini 2008a:536",1,
CGM,1,"Delougaz and Kantor 1996:17",1,
CGV,56,"Abdi and Beckman 2007:47",3,
CHK,1,"Özgüç 1966:37-38",1,
CHM,1,"Levy 1948",1,
CHR,1,"PM II (Evans 1928)",1,
CHU,112,"Jakob 2009:1-3",3,
CKK,5,"Khosravi et al. 2010",1,
COZ,6500,"Potts 1999:222-230",5,
CPA,2,"Ghobadizadeh and Sallaberger 2023:12",1,
CPE,5,"Potts 2010a:498",1,
CPU,1,"Ghobadizadeh and Sallaberger 2023:12",1,
CPW,4,"Potts 2010a:485 and 503",1,
CSA,1,"Schmidt et al. 1989:481",1,
DAB,1,"Van Koppen and Lehmann 2012",1,
DAM,1,"Petit and Kalafi 2016:24-25",1,
DAS,1,"Yaylali 2005",1,
DEF,3,"Petrie 1888:51 (sub cpt. 48);Michaélidis 1943:99-101",1,
DEG,1,"Salvini 2008a:247",1,
DEP,1,"Stephens 1937a",1,
DER,4,"Lambert 1971:335",1,
DEY,6,"Vallat 1983:11",2,
DGK,2,"Læssøe 1963: n. 24;Eidem pers.comm. 2020",1,"Reported, but not recorded finds in Læssøe 1963"
DIB,1,"Frenez et al. 2017",1,
DIL,6,"Marchesi 2017",2,
DKA,614,"Pedersén 1998:94-96,169-172",4,
DLB,1000,"Desrochers 1978:17-34",4,
DLH,4,"Marchetti et al. 2017:71",1,
DLM,111,"André-Salvini and Lombard 1997;Eidem 1997b",3,
DMU,24,"Pedersén 1998:94",2,
DNO,13,"Mofidi-Nasrabadi 2013",2,
DOH,1,"RIMA 3 (Grayson 1996):233-234",1,
DON,1,"SMEA 42 (Koçhan and Salvini 2000)",1,
DQD,82,"UET 1 (Gadd and Legrain 1928)",3,"Count augmented by GLoW metadata collections"
DRE,15000,"Al-Mutawalli and Sallaberger 2017:151;Sallaberger 2006-2008:125",5,
DUB,2,"Adams and Nissen 1972:222 and WS-078",1,
DUZ,1,"Salvini 2008a:256",1,
DWL,1,"Cavigneaux and Ismail 1990",1,
EBA,11210,"Archi 1997:184",5,
EDF,1,"Michaélidis 1943:96-97",1,
EDR,2,"Salvini 2008a:26, 207",1,
EHA,1,"Gadd 1958:35",1,
EKA,100,"Ekalte II (Mayer 2001)",3,
EKY,1,"Sipahi 2012:10",1,
ELA,1,"Salvini 2008a: 348",1,
ELM,3,"Salvini 2008a:107-109",1,
EMR,1105,"Pedersén 1998:61-68",4,
ERD,1,"Salvini 2008a:628",1,
ERI,62,"CDLI 2020",3,
ERN,1,"Salvini 2008a:211",1,
ERZ,1,"MacGinnis 2018:216",1,
ESH,1417,"Reichel 2018:33;Whiting 1987:1;Frankfort et al. 1932:9",4,
ESK,4,"Vanden Berghe 1963:34-37",1,
FAK,1000,"Pedersén 1998:30",4,
FAQ,1,"Michaélidis 1943:95-96",1,
FDW,4,"Herrero and Glassner 1996",1,
FKR,64,"Bonatz 2015:153;Pedersén 1998:96-98",3,
FLO,1,"Cristofani and Fronzaroli 1971",1,
FRA,12,"Matthiae 1980:48 and n. 30;Bounni 1993:200",2,
FRU,1,"Wright 1981:156",1,
FSN,1,"Black 1997",1,
GAR,1,"Bobokhyan et al. 2012:12",1,
GAV,2,"Salvini 2008a:495; Salvini 2012:73",1,
GCN,15,"Radner 2004",2,
GDR,1,"al-Rawi and Black 1993",1,
GHA,59,"Kessler 1997:131",3,
GIG,1,"MacGinnis et al. 2020:89",1,
GIR,40960,"Sallaberger 1999:201,286",5,
GJN,2,"Schmitt 2009:10 and 18",1,
GLA,2,"Cavigneaux and Ismail 1990",1,
GNT,1,"Klochkov 1999",1,
GNZ,4,"Donbaz 1988",1,
GOT,43,"Weiss and Young 1975:8-11",2,
GOV,1,"Salvini 2008a:621; Grekyan 2004",1,
GOZ,9,"Goetze 1939:1-16",2,
GRD,1,"Radner et al. 2020:90 n. 25",1,
GRL,1,"ActAnt II (Harmatta 1954)",1,
GRO,1,"Killick and Roaf 1983, 210",1,"Reported, but not recorded finds"
GRS,1559,"Molina 2002",4,
GTV,1,"Spar and Jursa 2014:235-236",1,
GUD,6,"CDLI 2020",2,
GUG,1,"Salvini 2008a:365",1,
GUL,1,"Grayson and Levine 1975",1,
GWR,1,"Behrens 1985",1,
GZH,1,"Caldwell 1968",1,
GZR,5,"CiC (Horowitz et al. 2018):50-58",1,
HAB,1,"Salvini 2008a:431",1,
HAD,17,"Dornemann 1978:22",2,
HAE,1,"Salvini 2008a:363",1,
HAF,1,"Al-Hussainy and Jawdat 2022:30",1,
HAI,2,"BM 2023",1,
HAL,1,"Searight et al. 2008:32-33",1,
HAM,4,"Ravn 1939;Ingholt 1940:pl. 24-25",1,
HAN,2,"Miglus 2011a:2018 ",1,
HAR,8,"RIBo Babylon 7",2,
HAS,1,"Salvini 2008a:236",1,
HAT,33000,"Schachner n.d.; Schwemer 2017:295",5,
HAY,1,"Salvini 2008a:544",1,
HAZ,18,"CiC (Horowitz et al. 2018):63-88",2,
HBK,12,"Rittig 2014:343-346",2,
HBR,1,"CiC (Horowitz et al. 2018):89-92",1,
HBS,50,"Killick 1984:129",2,
HDD,354,"Muhamed 1992:22-24",3,
HFR,1,"Adams and Nissen 1972:217, WS-039",1,
HIL,4,"CDLI 2020",1,
HJR,1,"Denton 1999:146-147",1,
HLF,103,"Dornauer 2014;Friedrich et al. 1967",3,
HLT,2,"Åström and Masson 1982;Fischer 2021",1,
HLW,20,"Viaggio 2009:378",2,
HMD,6,"Knapton et al. 2001:111",2,
HMM,1,"Woolley 1914:91",1,
HMR,80,"Muhamed 1992:19-20",3,
HMT,3,"van Soldt 1995",1,
HOR,1,"Vallat 1990",1,
HPK,1,"Belli and Di̇nçol 1982:178",1,
HRD,118,"Lion 2009",3,
HRE,1,"Diehl 1965",1,
HRP,1,"Salvini 2008a:197-198",1,
HRT,1,"Torrens 1842:316-320",1,
HSC,2,"Donbaz 1998:178ff.",1,
HSI,1,"CiC (Horowitz et al. 2018):93-95",1,
HSK,1,"Toptaş and Akyüz 2020:1",1,
HSM,3,"Ghobadizadeh and Sallaberger 2023:12",1,
HSR,1,"Hessari and Saeedi 2017:39",1,
HUM,3,"Adams and Nissen 1972:223, WS-097",1,
HUZ,407,"STT (Gurney and Hulin 1964):20",3,
HWS,1,"Kessler 1988:627;Jakob-Rost and Marzahn 1985:8 (no. 118)",1,
HYK,1,"Brinkman 2019",1,
IBA,1,"El-Amin and Mallowan 1949:149",1,
IDH,4,"EK 1 (Langdon 1924):40-41",1,
IDU,41,"von Soldt et al. 2013:209",2,
IHF,2,"Dougherty 1926:26",1,
IHN,180,"van Soldt 2008",3,
IKA,1,"Oppert et al. 1859-1863:217",1,
IKH,1,"Langdon and Harden 1934:120",1,
INA,1,"Balkan 1973:1",1,
IRS,1200,"Owen 2013a:90",4,
ISN,958,"ISIN I (Hrouda 1977);ISIN II (Hrouda 1981);ISIN III (Hrouda 1987);ISIN IV (Hrouda 1992)",4,
IZH,1,"Stolper 1978:93",1,
JAN,1,"Salvini 2008a:439-440",1,
JAV,1,"Salvini 2005c:241",1,
JDD,1,"Cavigneaux and Ismail 1990",1,
JDG,6,"RINAP 3/2 (Grayson and Novotny 2014):307-308",2,
JDR,2,"Adams and Nissen 1972:217",1,
JMM,1,"CiC (Horowitz et al. 2018):96",1,
JOK,29727,"Molina 2002;Waetzoldt 2014-2016",5,
JOR,4,"Basello 2017:260",1,
JRD,13,"van Driel 1982",2,
JRO,3,"CiC (Horowitz et al. 2018):97-98",1,
JRW,200,"Jacobsen and Lloyd 1935:Pl. 17-30",3,
JUH,1,"Rumaidh 2000:27",1,
JWN,11,"Adams 1965:160(685);Foxvog 1989:167",2,
KAB,2,"Kent 1942:415",1,
KAD,7,"Salvini 2008a:204-208, 268",2,
KAH,51,"Jiménez 2015",3,
KAI,1,"Salvini 2008a:629",1,
KAL,9,"Edzard 1970;Huehnergard 1996",2,"Count augmented by GLoW metadata collections"
KAR,1,"Porada 1983",1,
KAS,1,"Leake 1853:258",1,
KAY,168,"Košak 2021",3,
KAZ,1,"Salvini 2008a:359",1,
KBL,1,"Hulin 1954; Curiel and Schlumberger 1953",1,
KBN,202,"Negahban 1997",3,
KCT,1,"Salvini 2008a:644",1,
KDH,2,"Helms 1997:101",1,
KDR,1,"Barta et al. 2008:124",1,
KEB,1,"Taşyürek 1979",1,
KEC,1,"Salvini 2008a:259",1,
KEL,1,"de Morgan and Scheil 1893",1,
KEV,11,"Salvini 2008a:225, 233-235, 244, 262, 263",2,
KFA,1,"Alvarez-Mon 2015:2",1,
KFI,7,"Desset 2018b:111 ",2,
KFK,19,"Salvini 2008a:582; Salvini 2012:239, 240",2,
KHA,214,"URAP 2014 Report;URAP 2016 Report",3,
KHI,1,"Alibaigi and Brisch 2020:929",1,
KHR,1,"Michaélidis 1943:91-93",1,
KHT,12,"Salvini 1998;Salvini 2004;Salvini 2005;RIMA 2 (Grayson 1991):181",2,
KHW,1,"Gurney 1977",1,
KKA,1,"El-Amin and Mallowan 1949:150",1,
KKH,1,"RIMA 2 (Grayson 1991):256-262",1,
KKL,1,"Salvini 2008a:353",1,
KKU,1,"CiC (Horowitz et al. 2018):103-4",1,
KLB,6,"Lipiński 2004",2,
KLC,2,"Salvini 2008a:107, 367",1,
KLK,1,"Schäfer 1977",1,
KML,2,"Place 1870:169",1,
KMN,10,"Anonymous 2019",2,
KMS,1,"Salvini 2008a:250",1,
KNB,1,"van Soldt et al. 2013:209",1,
KNJ,10,"Ghobadizadeh and Sallaberger 2023:12",2,
KNN,2,"Ghobadizadeh and Sallaberger 2023:12",1,
KNS,23000,"Veenhof 2008:41;Larsen 2015",5,
KOC,1,"Salvini 2008a:213",1,
KOK,2,"Salvini 2008a:224, 226",1,
KOR,5,"Salvini 2008a:184, 226, 240",1,
KOS,4,"Desset 2018b:108",1,
KOT,1,"Salvini 2008a:213, Belck 1899:260",1,
KOU,1,"di Cesnola 1878:380 + pl. XXXI,3",1,
KOZ,2,"Al-Hussainy and Jawdat 2022:28",1,
KRC,1,"Yalçıklı 2000:116",1,
KRG,2,"Salvini 2008a:137, 261",1,
KRH,13,"Salvini 2008a:112, 113, 211, 215, 219-222, 253, 254, 257, 265",2,
KRI,2,"Gelb 1935:54-57",1,
KRK,7,"Marchesi 2014;CDLI 2020",2,
KRM,1,"RIME 4 (Frayne 1990):678",1,
KRT,2,"Salvini 2008a:436, 437; Salvini 1993b:71",1,
KSH,2000,"Gibson 1972:69,72",4,
KSI,1,"Tomé et al. 2016:430",1,
KSK,105,"Pedersén 1998:59-60",3,
KSM,1,"Salvini 2008a:134",1,
KSN,1,"CiC (Horowitz et al. 2018):101-2",1,
KSR,545,"Goddeeris 2009;Kienast 1978",4,
KSX,1,"MDP 53 (Steve 1987):18",1,
KTN,186,"Freydank 2001;RIMA 1 (Grayson 1987):269-276,285-289",3,
KUB,1,"Posener 1936:81-82",1,
KUM,2,"ur-online 2020",1,
KUN,37,"Tenu et al. 2019:52",3,
KUS,5,"DBH 32 (Akdoğan 2010):XI",1,
KZK,1,"RIMA 3 (Grayson 1996):204,239",1,
KZL,2,"Roche 2003;Badre et al. 1994:347-348",1,
KZN,3,"Michalowski and Misir 1998:53",1,
LAG,139,"Biggs 1976;Crawford 1974;Crawford 1977",3,"Count augmented by GLoW metadata collections"
LAR,2236,"Charpin 1989:185;Jean 1929",4,"Count augmented by GLoW metadata collections"
LCJ,1,"Salvini 2008a:350",1,
LHM,4,"Grégoire 1981:24;RIME 3/2 (Frayne 1997):245-247;Lieberman 105fn.35",1,
LIH,3,"Sürenhagen 1986:183;Müller 2008:312",1,
LIY,119,"Pézard 1914:42-91;BM 2020;Walker 1980:79",3,
LMA,1,"Mucheshi and Jafari 2016",1,
LRK,24,"Postgate 1976a:77-78",2,
LSB,735,"Al-Jubouri 2012",4,
MAL,2,"Salvini 2008a:236, 266",1,
MAR,21000,"Guichard 1997:419",5,
MAV,1,"Salvini 2008a:497; Andre-Salvini and Salvini 2002:Fig. 1",1,
MCH,1,"CiC (Horowitz et al. 2018):112-3",1,
MCQ,1,"Marchetti et al. 2017:71",1,
MCY,1,"Adams 1981:286(1459)",1,
MCZ,2,"Marchetti et al. 2017:71",1,
MDB,9,"Nicolle 2006:232;Castel et al. 1993",2,
MET,1,"Khanzadian et al. 1992",1,
MGD,6,"CiC (Horowitz et al. 2018):105-111",2,
MHD,1,"Salvini 2008a:508; Salvini 1977:125",1,
MHN,1,"de Gobineau 1864a:323",1,
MHO,117,"Pedersén 1998:57-59",3,
MHR,1,"Salvini 2008a:125-129",1,
MIT,1,"Wilkinson and Tucker 1995:61",1,
MKA,1,"Salvini 2008a:503; Khatib-Shahidi 1998:Fig. 1,4",1,
MLD,4,"Frame 2009:65-66",1,
MLH,45,"Kessler 1985a:18",2,
MLK,0,"Armstrong 1992:224-225",0,
MLT,32,"Pedersén 1998:181",2,
MMG,1,"RINAP 1 (Tadmor and Yamada 2011):89-92",1,
MOA,1,"Nashef et al. 1987:200",1,
MQS,1,"Potts 2010:24",1,
MRD,54,"CDLI 2020",3,
MRJ,1,"UE 4 (Woolley 1955):85",1,
MRL,2,"Negahban 1996:211-2",1,
MRM,1,"Salvini 2008a:350",1,
MRN,3,"Donbaz 1988:3",1,
MRW,1,"Masetti-Rouault 2016:209",1,
MSH,1,"Masetti-Rouault 2014",1,
MSK,158,"Steinkeller 2004",3,
MUG,39,"MAD 5 (Gelb 1970):xiii;Steinkeller 1992:84-88",2,
MUH,1,"Salvini 2008a:130; Işık 2019:301",1,
MUR,3,"Salvini 2008a:184, 208, 221",1,
MUS,1,"Salvini 2008a:195-196",1,
MZA,114,"Sallaberger 1999:208",3,
MZT,5,"MacGinnis 2018:224",1,
NAB,231,"Lebeau and Suleiman 2016:103",3,
NAG,1,"Al-Hussainy and Jawdat 2022:29",1,
NAL,1,"Salvini 2008a:359",1,
NAS,1,"SMEA 41 (André and Salvini 1999):27",1,
NAZ,1,"Meissner 1908",1,
NER,27,"Fales 1973:131",2,
NGB,1,"Layard 1849a:80-81;RINAP 4 (Leichty 2011):169-170",1,
NGN,69,"Nadali et al. 2016:20",3,"Count augmented by GLoW metadata collections"
NHV,1,"RIMB 2 (Frame 1995):42",1,
NIM,1807,"Taylor 2015;Pedersén 1998:143-154",4,
NIP,30000,"Kramer 1963:23;Hilprecht 1903:295-296",5,
NJF,1,"ZA 107 (Alibaigi et al. 2017)",1,
NKH,2,"Richardson 2010:25;BM 2020",1,
NKM,1,"Treister 2012",1,
NNV,30232,"Pedersén 1998:164;Petit and Bonacossie 2017",5,
NOR,1,"Salvini 2008a:647",1,
NQS,2,"von Gall 2009",1,
NRB,570,"Miglus 1998-2001;Charpin et al. 2004:441-442",4,
NRK,1,"Reiche 2014",1,
NSB,1,"CiC (Horowitz et al. 2018):114",1,
NSR,244,"Englund and Grégoire 1991",3,
NUZ,3386,"Pedersén 1998:15-28",4,
OJA,1,"Hmayakyan et al. 1996",1,
ORD,1,"Salvini 2008a:435; Salvini 2003:185, Fig.1",1,
ORT,3000,"Pedersén 1998:56-57",4,
OTK,1,"Salvini 2008a:347; Salvini 2006:1",1,
OYH,1,"Ünal 2015",1,
OYM,27,"Anonymous 2018",2,
OZB,1,"CDLI 2020",1,
PAS,2,"Hussein et al. 2010",1,
PAT,10,"Salvini 2008a:115, 144, 216, 228, 239, 447;Salvini 2012:20, 31",2,
PDK,1,"Weiershäuser and Novotny 2020a",1,
PEL,2,"Bourke 1997:108",1,
PHG,1,"Kuznetsov and Nikitin 2019",1,
PHU,1,"RIME 2 (Frayne 1993):128",1,
PIR,8,"Salvini 2008a:62",2,
PLU,1,"Salvini 2008a:140",1,
PRA,1,"RIMA 3 (Grayson 1996):224",1,
PRS,15200,"Jones and Stolper 2008:43;Pedersén 1998:216-219",5,
PSG,8,"Nylander 1967:151",2,
QAB,2,"Montero Fenollós and Al-Shbib 2016:251",1,
QAI,1,"Radner et al. 2020:84",1,
QAL,2,"Muscarella 1969:5",1,
QAN,1,"CTMMA 4 (Spar and Jursa 2014:194-197)",1,
QAT,526,"Dalley et al. 1976;Pedersén 1998:91-93;Dalley 1997:429",4,
QBR,1,"Hameeuw et al. 2015:95-97",1,
QCH,1,"Ahmed 2012:255",1,
QDS,5,"Millard 2010",1,
QHD,1,"Meijer 1986:44-45",1,
QIT,1,"McClellan 2019:289",1,
QLD,2,"Radner et al. 2019:137; Radner 2016:13",1,
QNT,1,"Breyer 2011",1,
QQN,1,"CiC (Horowitz et al. 2018):115",1,
QSH,22,"CDLI 2020",2,
QTN,73,"Bottéro 1949;RA 44 (Bottéro 1950);Richter and Lange 2012",3,
QUA,5,"CDLI 2020",1,
QUF,1,"Michaélidis 1943:93-95",1,
RAJ,6,"ur-online 2020",2,
RAZ,1,"SMEA 41 (André and Salvini 1999):20",1,
RBT,1,"Bieliński 2000:276",1,
RKI,1,"Anon. 2021",1,
RMA,5,"Al-Hussainy 2021:9",1,
RQI,1,"Curvers and Schwartz 1990:7,10",1,
RSL,2,"CiC (Horowitz et al. 2018):99-100",1,
RTA,1,"RA 65 (Aynard and Nougayrol 1971)",1,
RTE,4,"Afifi and Heidari 2010:9-10;Sadigh 2006",1,
RUS,24,"Roaf 2012:190;Salvini 2007; Salvini 2012:46-54, 61, 69-73, 145-147, 201, 240, 241, 254",3,
RUT,1,"Salvini 2012:37",1,
SAD,1,"Al-Hussainy and Jawdat 2022:28",1,
SAI,1,"Monchambert 1990",1,
SAL,2,"Salvini 2008a:209, 258;",1,
SAM,67,"Fahad and Abbas 2020:3",3,
SAP,70000,"Pedersén 1998:173",6,
SAR,109,"Loud 1936;Loud and Altman 1938",3,
SAV,1,"Salvini 2008:625",1,
SBA,1,"Unger 1916",1,
SBY,315,"Wiggermann 2000:175",3,
SCH,3,"CiC (Horowitz et al. 2018):125-9",1,
SDM,13,"Schmidt et al. 1989:475",2,
SDP,3122,"Koppen 2006-2008:488",4,
SEA,2,"CiC (Horowitz et al. 2018):46-48",1,
SEC,4,"CDLI 2020",1,
SEL,26,"CDLI 2020;Brisch n.d.",2,
SEQ,1,"Salvini 2008a:435; Salvini 1982:97",1,
SER,1,"Ménant 1887:133",1,
SFR,74,"Charpin 1980:6; Frankena 1966:no. 45",3,
SHA,1,"BM 2023",1,
SHD,1,"Desset 2018a:399",1,
SHI,161,"CDLI 2020",3,
SHP,1,"CiC (Horowitz et al. 2018):130-1",1,
SHY,2,"Place 1870:152",1,
SHZ,1,"Donbaz 1988:3",1,
SID,1,"Jursa 2005:213-215",1,
SIH,3,"Salvini 2008a:262, 264, 646",1,
SIN,16,"Mohammad 1996; Mohammad 2002",2,
SIP,383,"Baqir and Mustafa 1945:50-54",3,
SIS,1,"Da Riva 2013:88",1,
SIT,1,"Radner 2017",1,
SIY,1,"Salvini 2008a:266",1,
SJQ,1,"Scheil 1895:27-28",1,
SJR,20,"Cavigneaux and Ismail 1990:321-322",2,
SKH,29,"RINAP 3/2 (Grayson and Novotny 2014):292-303",2,
SLA,1,"Dalley and Goguel 1997",1,
SLB,2,"Roux 1960",1,
SLG,1,"Cazzella et al. 2011",1,
SMA,9,"CiC (Horowitz et al. 2018):116-121",2,
SMH,6,"Marchetti et al. 2017:71",2,
SMR,3,"Thureau-Dangin 1912;RINAP 3/2 (Grayson and Novotny 2014):327-335",1,
SNJ,4,"Al-Fouadi 1978",1,
SOK,1,"Amiet et al. 1978:24",1,
SOU,1,"Riis 1961/1962:137",1,
SPA,1,"Salvini 2008a:349",1,
SPH,4,"CiC (Horowitz et al. 2018):122-4",1,
SPI,1,"Petri et al. 2007:301",1,
SQL,1,"CiC (Horowitz et al. 2018):40-41",1,
SRD,1,"Salvini 2008a:354",1,
SRK,1,"Salvini 2008a:346",1,
SRM,3,"Salvini 2008a:235, 244",1,
SRP,2,"Greenstein 1976; Puech 1989",1,"Uncertain if both inscriptions are in cuneiform"
SSH,1,"SMEA 43 (Biscione et al. 2001):31",1,
SUH,1,"Adams and Nissen 1972:229",1,
SUN,1,"Salvini 2008a:191",1,
SUR,1000,"Streck 2011-2013:336;Martin 2011-2013:345",4,
SUS,3165,"CDLI 2020",4,
SWE,1,"Holland 1975",1,
SWS,65,"Kjærum 1983;Glassner 1984;Eidem 2016",3,"Count augmented by GLoW metadata collections"
SYA,1,"Al-Maqdissi 2016:183",1,
SZE,1485,"Rattenborg 2016:395-396",4,
SZU,243,"Rattenborg 2016:430",3,
TAA,2,"Al-Hussainy and Jawdat 2022:28-29",1,
TAB,521,"Numoto 2016:184-187",4,
TAD,5,"Al-Hussainy and Jawdat 2022:26-27,29",1,
TAF,1,"Potts 2013:132",1,
TAG,1,"Miglus 2011a:220",1,
TAK,5,"Al-Hussainy and Jawdat 2022:28-29",1,
TAN,1,"Dhorme 1945",1,
TAR,1,"Salvini 2008a:185",1,
TAS,2,"Salvini 2008a:183, 218",1,
TAT,1,"Salvini 2001:349",1,
TAW,1,"Dalley 1984:20",1,
TAY,11,"Lauinger 2011:6",2,
TBA,15,"Viano 2016:127",2,
TBM,1,"CiC (Horowitz et al. 2018):45",1,
TBO,1,"Nasrabadi 2005",1,
TBP,22,"Bunnens 2016:242",2,
TBR,1,"CiC (Horowitz et al. 2018):156",1,
TBS,1,"Adams 1981:339",1,
TBT,1,"Unger 1917",1,
TDB,100,"Mustafa 1949:180,182",3,
TDU,17,"Kaelin 2013:190",2,
TDW,8,"BM 2023",2,
TEG,1,"Salvini 2012:56; Potts 2018:230",1,
TEH,2,"CiC (Horowitz et al. 2018):59-62",1,
TEI,134,"Salvini 2012:28, 29, 33-46, 54, 56-57, 63-66, 72-74, 134, 136, 137-139, 144, 211, 213, 214, 216, 218, 220, 235-237",3,
TEM,1,"Scheil 1930:93",1,
TFA,12,"Miglus 2011:220",2,
TFQ,1,"Margueron 1982:54",1,
TGA,1,"Zeynivand 2020",1,
THA,17,"CiC (Horowitz et al. 2018):132-155",2,
THE,12,"Brinkman 1981/1982",2,
THM,1,"RIME 3/1 (Edzard 1997):62-63",1,
THO,1,"Balcioğlu and Mayer 2006",1,
THR,3,"RIME 4 (Frayne 1990):718",1,
THW,17,"George 1990",2,
THY,2,"Marchesi and Marchetti 2019:3",1,
TIJ,1,"Fortin 1990:239",1,
TIK,1,"al-Mutawalli 2001-2002",1,
TIR,1,"Cohen et al. 2010",1,
TJZ,1,"Sarre and Herzfeld 1920:312",1,
TKH,359,"Isma'el 2007:7",3,
TKP,1,"Meščaninov 1931",1,
TLB,1,"Gil Fuensanta et al. 2000:28",1,
TLH,1,"RIMB 2 (Frame 1995):221-222",1,
TLL,1,"Layard 1853a:130",1,
TMH,31,"Koppen 2010:457",2,
TMN,11,"YBC 2020",2,
TMU,1,"Zeynivand 2019",1,
TNA,4,"Cavigneaux and Ismail 1990:322",1,
TNH,1,"Salvini 2008a:540",1,
TNP,1,"Thureau-Dangin 1933",1,
TOD,5,"Quenet et al. 2013:517-518",1,
TOP,1,"Salvini 2008a:537",1,
TRM,1,"Salvini 2008a:193; Biber et al. 2012:86, Fig 1",1,
TRQ,109,"Rouault 1984;Rouault 2011",3,
TRT,1,"Sayce 1885",1,
TSA,1,"Abdallah 2011",1,
TSB,12,"Viaggio 2009:385",2,
TSI,19,"Ghirshman 1938:67",2,
TSO,12,"Dahl et al. 2012:57",2,
TSV,1,"Salvini 2008a:496",1,
TTA,3,"Reade 1971:96-96;Reade 1973:173-175",1,
TTB,231,"Viaggio 2009",3,
TTU,5,"Kreppner 2002:374",1,
TUH,1,"Dittmann 1994",1,
TUT,382,"Krebernik 2001:15",3,
TVI,1,"RINAP 2 (Frame 2021):438",1,
TVK,1,"Salvini 2008a:434",1,
TYA,12,"Jawad et al. 2020:79-85",2,
TYM,6,"MacDonald et al. 2020:11-19",2,
TYR,1,"Wilhelm 1973b",1,
TZW,1,"de Tseretheli 1950",1,
UBD,6,"McMahon 2014-2016:260",2,
UCH,1,"UET 8 (Sollberger 1965):no. 44a",1,
UFR,200,"Westenholz 2010:458",3,
UGA,2108,"Pedersén 1998:68-80",4,
UMA,1,"Cooper et al. 2005",1,
UPI,3,"CDLI 2020",1,
UQA,36,"Englund 1996:9",2,
UQR,1,"RIME 1 (Frayne 2008):365",1,
URB,1,"1R (Rawlinson 1861):pl. 8:2",1,
URI,11758,"UrOnline n.d.",5,
URK,12,"Buccellati 2014:53-58",2,
URU,19335,"Englund 2014-2016:446;Pedersén 1998:204-213",5,
USH,8,"Košak 2021; Archi et al. 2015:350",2,
UWW,8,"Adams and Nissen 1972:217",2,
VAK,1,"Salvini 2012:28",1,
VAN,21,"Salvini 2008a:97, 99, 199, 238, 247-251, 256, 260, 266, 267, 232, 332, 346, 413, 419, 509, 647",2,
VAR,1,"Salvini 2008a:433",1,
WIN,1,"CiC (Horowitz et al. 2018):157",1,
WLS,0,"Da Riva 2013:91",0,
WRS,46,"Al-Hussainy et al. 2019:60;Al-Hussainy 2022:135-137",2,
XOC,1,"Rösler 1896:178, no. 7 ",1,
YAH,27,"Damerow and Englund 1989:30",2,
YAL,1,"Salvini 2008a:255",1,
YAR,1,"RINAP 3/2 (Grayson and Novotny 2014):135-137",1,
YAS,1,"Fales et al. 2009:35",1,
YAZ,1,"Salvini 2008a:189-191",1,
YEL,110,"Saporetti 1985:56-57",3,
YES,1,"Salvini 2008a:129",1,
YON,1,"RIMA 2 (Grayson 1991):61-62",1,
YSJ,1,"Potts 2013:132",1,
ZAA,1,"JRAS (Rawlinson 1849):477 n. 1",1,
ZAB,180,"Molina 2017:171",3,
ZBD,43,"Kessler 1985b;Kessler 1985c",2,
ZCR,1,"Wartke 2006-2008;Hawkins 2006-2008",1,
ZIW,1,"Salvini 2012:211",1,
ZLB,1,"Godard 1933:132-137 fig.17",1,
ZLH,1,"King 1912:98-99",1,
ZOH,2,"Edzard 1973",1,
ZTP,35,"MacGinnis 2018:216-221",2,
ZVA,1,"Salvini 2008a:579",1,
ZWY,1,"RIMB 2 (Frame 1995):323",1,
